<?xml version="1.0" encoding="UTF-8"?>
<addon id="service.takealug.epg-grabber" name="Takealug EPG Grabber" version="2.1.3" provider-name="DeBaschdi">
    <requires>
        <import addon="xbmc.python" version="3.0.0"/>
        <import addon="script.module.requests"/>
    </requires>
    <extension point="xbmc.service" library="service.py" start="startup" />
    <extension point="xbmc.addon.metadata">
        <platform>all</platform>
        <summary>EPG Grabber</summary>
        <description lang="en">Grabbs EPG Data from Different IPTV Sources and generate an xmltv Guide</description>
        <description lang="de">Grabbt EPG Daten von verschiedenen IPTV Quellen und erstellt eine guide.xml</description>
        <source>https://github.com/DeBaschdi/repo/tree/master/service.takealug.epg-grabber/</source>
        <forum>https://www.kodinerds.net/index.php/Thread/64901-RELEASE-Takealug-EPG-Grabber/</forum>
        <assets>
            <icon>icon.png</icon>
            <fanart>fanart.jpg</fanart>
            <screenshot>fanart.jpg</screenshot>
            <screenshot>screenshot3.png</screenshot>
            <screenshot>screenshot1.png</screenshot>
            <screenshot>screenshot2.png</screenshot>
        </assets>
        <news lang="en">2.1+ NEW TV-SPIELFILM API</news>
    </extension>
</addon>
