{
	"name" 				: "[COLORblue]BurningSeries[/COLOR]",
	"plugin" 			: "plugin.video.xstream",
	"priority"          : 25,
	"language"          : "de",
	"is_resolvable"     : "true",
	"assert"            :{
							"play_episode":     ["showname", "season", "episode"],
							"search_episode":   ["showname"]  
						},
	"fallback"			:{
							"play_episode": "xS_GlobalSearch.json search_episode"
						},
	"play_episode" 		:[
							"plugin://plugin.video.xstream/?function=showSearch&site=burningseries",
							{"keyboard": "{showname}"},
							{"title": "{showname}"},
							{"return": "true", "season": "{season}", "episode": "{episode}"},
							{"season": "{season}"},
							{"season": "{season}", "episode": "{episode}"}
						]
}

