<?xml version="1.0" encoding="UTF-8" standalone="yes"?>
<addon id="script.module.download-m3u8" name="download-m3u8" version="1.0.0" provider-name="kasi45">
  <requires>
    <import addon="xbmc.python" version="3.0.0"/>
    <!-- for remote debug -->
    <import addon="script.module.pydevd" optional="true"/>
  </requires>
  <extension point="xbmc.python.module" library="lib" />
  <extension point="xbmc.addon.metadata">
    <summary lang="en_GB">Python downloader for saving m3u8 videos to local MP4 files.</summary>
    <description lang="en_GB">Python downloader for saving m3u8 videos to local MP4 files.</description>
    <license>BSD-3-Clause</license>
    <platform>all</platform>
    <website>https://github.com/hwaves/m3u8_To_MP4</website>
    <source>https://github.com/hwaves/m3u8_To_MP4</source>
    <assets>
      <icon>resources/icon.png</icon>
    </assets>
  </extension>
</addon>
